{"cameraMode":{"drawMode":0,"name":"Shaded","section":"Shading Mode"},"sceneLighting":true,"audioPlay":false,"sceneViewState":{"showFog":true,"showMaterialUpdate":true,"showSkybox":true,"showFlares":true,"showImageEffects":true,"showParticleSystems":true},"in2DMode":false,"pivot":{"x":-18.555845260620118,"y":18.460651397705079,"z":185.91140747070313},"rotation":{"x":0.015735553577542306,"y":0.9540562629699707,"z":-0.049493249505758288,"w":0.29509782791137698},"size":37.07058334350586,"orthographic":false}